<?xml version='1.0' encoding='UTF-8'?>
<efxpt:design_db xmlns:efxpt="http://www.efinixinc.com/peri_design_db" xmlns:xsi="http://www.w3.org/2001/XMLSchema-instance" name="soc" device_def="Ti180J484" location="/projects/SSE/llching/projects/Ti180M484_devkit" version="2022.1.226.1.6" db_version="20221006" last_change_date="Thu Sep 29 11:17:23 2022" xsi:schemaLocation="http://www.efinixinc.com/peri_design_db peri_design_db.xsd ">
    <efxpt:device_info>
        <efxpt:iobank_info>
            <efxpt:iobank name="2A_2B_2C" iostd="1.8 V LVCMOS" is_dyn_voltage="false" mode_sel_name="2A_2B_2C_MODE_SEL" />
            <efxpt:iobank name="3A" iostd="1.8 V LVCMOS" is_dyn_voltage="false" mode_sel_name="3A_MODE_SEL" />
            <efxpt:iobank name="3B_3C" iostd="1.8 V LVCMOS" is_dyn_voltage="false" mode_sel_name="3B_3C_MODE_SEL" />
            <efxpt:iobank name="4A" iostd="1.8 V LVCMOS" is_dyn_voltage="false" mode_sel_name="4A_MODE_SEL" />
            <efxpt:iobank name="4B" iostd="1.8 V LVCMOS" is_dyn_voltage="false" mode_sel_name="4B_MODE_SEL" />
            <efxpt:iobank name="4C" iostd="1.8 V LVCMOS" is_dyn_voltage="false" mode_sel_name="4C_MODE_SEL" />
            <efxpt:iobank name="BL" iostd="3.3 V LVCMOS" is_dyn_voltage="false" mode_sel_name="BL_MODE_SEL" />
            <efxpt:iobank name="BR" iostd="3.3 V LVCMOS" is_dyn_voltage="false" mode_sel_name="BR_MODE_SEL" />
            <efxpt:iobank name="TL" iostd="3.3 V LVCMOS" is_dyn_voltage="false" mode_sel_name="TL_MODE_SEL" />
            <efxpt:iobank name="TR" iostd="1.8 V LVCMOS" is_dyn_voltage="false" mode_sel_name="TR_MODE_SEL" />
        </efxpt:iobank_info>
        <efxpt:ctrl_info>
            <efxpt:ctrl name="cfg" ctrl_def="CONFIG_CTRL0" clock_name="" is_clk_invert="false" cbsel_bus_name="cfg_CBSEL" config_ctrl_name="cfg_CONFIG" ena_capture_name="cfg_ENA" error_status_name="cfg_ERROR" um_signal_status_name="cfg_USR_STATUS" is_remote_update_enable="false" is_user_mode_enable="false" />
        </efxpt:ctrl_info>
        <efxpt:seu_info>
            <efxpt:seu name="seu" block_def="CONFIG_SEU0" mode="auto" ena_detect="false" wait_interval="16500000">
                <efxpt:gen_pin>
                    <efxpt:pin name="seu_START" type_name="START" is_bus="false" />
                    <efxpt:pin name="seu_INJECT_ERROR" type_name="INJECT_ERROR" is_bus="false" />
                    <efxpt:pin name="seu_RST" type_name="RST" is_bus="false" />
                    <efxpt:pin name="seu_CONFIG" type_name="CONFIG" is_bus="false" />
                    <efxpt:pin name="seu_ERROR" type_name="ERROR" is_bus="false" />
                    <efxpt:pin name="seu_DONE" type_name="DONE" is_bus="false" />
                </efxpt:gen_pin>
            </efxpt:seu>
        </efxpt:seu_info>
        <efxpt:clkmux_info>
            <efxpt:clkmux name="GCLKMUX_B" block_def="GCLKMUX_B" is_mux_bot0_dyn="false" is_mux_bot7_dyn="false">
                <efxpt:gen_pin>
                    <efxpt:pin name="" type_name="DYN_MUX_SEL_7" is_bus="true" />
                    <efxpt:pin name="" type_name="DYN_MUX_OUT_7" is_bus="false" />
                    <efxpt:pin name="" type_name="ROUTE0" is_bus="false" is_clk="true" is_clk_invert="false" />
                    <efxpt:pin name="" type_name="ROUTE1" is_bus="false" is_clk="true" is_clk_invert="false" />
                    <efxpt:pin name="" type_name="ROUTE2" is_bus="false" is_clk="true" is_clk_invert="false" />
                    <efxpt:pin name="" type_name="ROUTE3" is_bus="false" is_clk="true" is_clk_invert="false" />
                    <efxpt:pin name="" type_name="DYN_MUX_OUT_0" is_bus="false" />
                    <efxpt:pin name="" type_name="DYN_MUX_SEL_0" is_bus="true" />
                </efxpt:gen_pin>
            </efxpt:clkmux>
            <efxpt:clkmux name="GCLKMUX_L" block_def="GCLKMUX_L" is_mux_bot0_dyn="false" is_mux_bot7_dyn="false">
                <efxpt:gen_pin>
                    <efxpt:pin name="" type_name="DYN_MUX_SEL_7" is_bus="true" />
                    <efxpt:pin name="" type_name="DYN_MUX_OUT_7" is_bus="false" />
                    <efxpt:pin name="" type_name="ROUTE0" is_bus="false" is_clk="true" is_clk_invert="false" />
                    <efxpt:pin name="" type_name="ROUTE1" is_bus="false" is_clk="true" is_clk_invert="false" />
                    <efxpt:pin name="" type_name="ROUTE2" is_bus="false" is_clk="true" is_clk_invert="false" />
                    <efxpt:pin name="" type_name="ROUTE3" is_bus="false" is_clk="true" is_clk_invert="false" />
                    <efxpt:pin name="" type_name="DYN_MUX_OUT_0" is_bus="false" />
                    <efxpt:pin name="" type_name="DYN_MUX_SEL_0" is_bus="true" />
                </efxpt:gen_pin>
            </efxpt:clkmux>
            <efxpt:clkmux name="GCLKMUX_R" block_def="GCLKMUX_R" is_mux_bot0_dyn="false" is_mux_bot7_dyn="false">
                <efxpt:gen_pin>
                    <efxpt:pin name="" type_name="DYN_MUX_SEL_7" is_bus="true" />
                    <efxpt:pin name="" type_name="DYN_MUX_OUT_7" is_bus="false" />
                    <efxpt:pin name="" type_name="ROUTE0" is_bus="false" is_clk="true" is_clk_invert="false" />
                    <efxpt:pin name="" type_name="ROUTE1" is_bus="false" is_clk="true" is_clk_invert="false" />
                    <efxpt:pin name="" type_name="ROUTE2" is_bus="false" is_clk="true" is_clk_invert="false" />
                    <efxpt:pin name="" type_name="ROUTE3" is_bus="false" is_clk="true" is_clk_invert="false" />
                    <efxpt:pin name="" type_name="DYN_MUX_OUT_0" is_bus="false" />
                    <efxpt:pin name="" type_name="DYN_MUX_SEL_0" is_bus="true" />
                </efxpt:gen_pin>
            </efxpt:clkmux>
            <efxpt:clkmux name="GCLKMUX_T" block_def="GCLKMUX_T" is_mux_bot0_dyn="false" is_mux_bot7_dyn="false">
                <efxpt:gen_pin>
                    <efxpt:pin name="" type_name="DYN_MUX_SEL_7" is_bus="true" />
                    <efxpt:pin name="" type_name="DYN_MUX_OUT_7" is_bus="false" />
                    <efxpt:pin name="" type_name="ROUTE0" is_bus="false" is_clk="true" is_clk_invert="false" />
                    <efxpt:pin name="" type_name="ROUTE1" is_bus="false" is_clk="true" is_clk_invert="false" />
                    <efxpt:pin name="" type_name="ROUTE2" is_bus="false" is_clk="true" is_clk_invert="false" />
                    <efxpt:pin name="" type_name="ROUTE3" is_bus="false" is_clk="true" is_clk_invert="false" />
                    <efxpt:pin name="" type_name="DYN_MUX_OUT_0" is_bus="false" />
                    <efxpt:pin name="" type_name="DYN_MUX_SEL_0" is_bus="true" />
                </efxpt:gen_pin>
            </efxpt:clkmux>
        </efxpt:clkmux_info>
    </efxpt:device_info>
    <efxpt:gpio_info>
        <efxpt:comp_gpio name="ddr_pll_refclk" gpio_def="GPIOL_32" mode="input" bus_name="" io_standard="3.3 V LVCMOS">
            <efxpt:input_config name="ddr_pll_refclk" name_ddio_lo="" conn_type="pll_clkin" is_register="false" clock_name="" is_clock_inverted="false" pull_option="none" is_schmitt_trigger="false" ddio_type="none" is_bus_hold="false" delay="0" is_serial="false" is_dyn_delay="false" fastclk_name="" pullup_ena_name="ddr_pll_refclk_PULL_UP_ENA" dyn_delay_en_name="ddr_pll_refclk_DLY_ENA" dyn_delay_reset_name="ddr_pll_refclk_DLY_RST" dyn_delay_ctrl_name="ddr_pll_refclk_DLY_CTRL" clkmux_buf_name="" />
        </efxpt:comp_gpio>
        <efxpt:comp_gpio name="io_asyncResetn_in" gpio_def="GPIOB_N_13" mode="input" bus_name="" io_standard="1.8 V LVCMOS">
            <efxpt:input_config name="io_asyncResetn_in" name_ddio_lo="" conn_type="normal" is_register="false" clock_name="" is_clock_inverted="false" pull_option="none" is_schmitt_trigger="false" ddio_type="none" is_bus_hold="false" delay="0" is_serial="false" is_dyn_delay="false" fastclk_name="" pullup_ena_name="io_asyncResetn_in_PULL_UP_ENA" dyn_delay_en_name="io_asyncResetn_in_DLY_ENA" dyn_delay_reset_name="io_asyncResetn_in_DLY_RST" dyn_delay_ctrl_name="io_asyncResetn_in_DLY_CTRL" clkmux_buf_name="" />
        </efxpt:comp_gpio>
        <efxpt:comp_gpio name="my_pll_clk" gpio_def="GPIOB_P_11" mode="input" bus_name="" io_standard="1.8 V LVCMOS">
            <efxpt:input_config name="my_pll_clk" name_ddio_lo="" conn_type="pll_clkin" is_register="false" clock_name="" is_clock_inverted="false" pull_option="none" is_schmitt_trigger="false" ddio_type="none" is_bus_hold="false" delay="0" is_serial="false" is_dyn_delay="false" fastclk_name="" pullup_ena_name="my_pll_clk_PULL_UP_ENA" dyn_delay_en_name="my_pll_clk_DLY_ENA" dyn_delay_reset_name="my_pll_clk_DLY_RST" dyn_delay_ctrl_name="my_pll_clk_DLY_CTRL" clkmux_buf_name="" />
        </efxpt:comp_gpio>
        <efxpt:comp_gpio name="system_gpio_0_io[0]" gpio_def="GPIOB_N_14" mode="inout" bus_name="system_gpio_0_io" io_standard="1.8 V LVCMOS">
            <efxpt:input_config name="system_gpio_0_io_read[0]" name_ddio_lo="" conn_type="normal" is_register="false" clock_name="" is_clock_inverted="false" pull_option="none" is_schmitt_trigger="false" ddio_type="none" is_bus_hold="false" delay="0" is_serial="false" is_dyn_delay="false" fastclk_name="" pullup_ena_name="system_gpio_0_io_PULL_UP_ENA[0]" dyn_delay_en_name="system_gpio_0_io_DLY_ENA[0]" dyn_delay_reset_name="system_gpio_0_io_DLY_RST[0]" dyn_delay_ctrl_name="system_gpio_0_io_DLY_CTRL[0]" clkmux_buf_name="" />
            <efxpt:output_config name="system_gpio_0_io_write[0]" name_ddio_lo="" register_option="none" clock_name="" is_clock_inverted="false" is_slew_rate="false" tied_option="none" ddio_type="none" delay="0" is_serial="false" drive_strength="4" fastclk_name="" />
            <efxpt:output_enable_config name="system_gpio_0_io_writeEnable[0]" is_register="false" clock_name="" is_clock_inverted="false" name_oen="system_gpio_0_io_OEN[0]" />
        </efxpt:comp_gpio>
        <efxpt:comp_gpio name="system_gpio_0_io[1]" gpio_def="GPIOB_P_02" mode="inout" bus_name="system_gpio_0_io" io_standard="1.8 V LVCMOS">
            <efxpt:input_config name="system_gpio_0_io_read[1]" name_ddio_lo="" conn_type="normal" is_register="false" clock_name="" is_clock_inverted="false" pull_option="none" is_schmitt_trigger="false" ddio_type="none" is_bus_hold="false" delay="0" is_serial="false" is_dyn_delay="false" fastclk_name="" pullup_ena_name="system_gpio_0_io_PULL_UP_ENA[1]" dyn_delay_en_name="system_gpio_0_io_DLY_ENA[1]" dyn_delay_reset_name="system_gpio_0_io_DLY_RST[1]" dyn_delay_ctrl_name="system_gpio_0_io_DLY_CTRL[1]" clkmux_buf_name="" />
            <efxpt:output_config name="system_gpio_0_io_write[1]" name_ddio_lo="" register_option="none" clock_name="" is_clock_inverted="false" is_slew_rate="false" tied_option="none" ddio_type="none" delay="0" is_serial="false" drive_strength="4" fastclk_name="" />
            <efxpt:output_enable_config name="system_gpio_0_io_writeEnable[1]" is_register="false" clock_name="" is_clock_inverted="false" name_oen="system_gpio_0_io_OEN[1]" />
        </efxpt:comp_gpio>
        <efxpt:comp_gpio name="system_gpio_0_io[2]" gpio_def="GPIOB_P_13" mode="inout" bus_name="system_gpio_0_io" io_standard="1.8 V LVCMOS">
            <efxpt:input_config name="system_gpio_0_io_read[2]" name_ddio_lo="" conn_type="normal" is_register="false" clock_name="" is_clock_inverted="false" pull_option="none" is_schmitt_trigger="false" ddio_type="none" is_bus_hold="false" delay="0" is_serial="false" is_dyn_delay="false" fastclk_name="" pullup_ena_name="system_gpio_0_io_PULL_UP_ENA[2]" dyn_delay_en_name="system_gpio_0_io_DLY_ENA[2]" dyn_delay_reset_name="system_gpio_0_io_DLY_RST[2]" dyn_delay_ctrl_name="system_gpio_0_io_DLY_CTRL[2]" clkmux_buf_name="" />
            <efxpt:output_config name="system_gpio_0_io_write[2]" name_ddio_lo="" register_option="none" clock_name="" is_clock_inverted="false" is_slew_rate="false" tied_option="none" ddio_type="none" delay="0" is_serial="false" drive_strength="4" fastclk_name="" />
            <efxpt:output_enable_config name="system_gpio_0_io_writeEnable[2]" is_register="false" clock_name="" is_clock_inverted="false" name_oen="system_gpio_0_io_OEN[2]" />
        </efxpt:comp_gpio>
        <efxpt:comp_gpio name="system_gpio_0_io[3]" gpio_def="GPIOB_P_14" mode="inout" bus_name="system_gpio_0_io" io_standard="1.8 V LVCMOS">
            <efxpt:input_config name="system_gpio_0_io_read[3]" name_ddio_lo="" conn_type="normal" is_register="false" clock_name="" is_clock_inverted="false" pull_option="none" is_schmitt_trigger="false" ddio_type="none" is_bus_hold="false" delay="0" is_serial="false" is_dyn_delay="false" fastclk_name="" pullup_ena_name="system_gpio_0_io_PULL_UP_ENA[3]" dyn_delay_en_name="system_gpio_0_io_DLY_ENA[3]" dyn_delay_reset_name="system_gpio_0_io_DLY_RST[3]" dyn_delay_ctrl_name="system_gpio_0_io_DLY_CTRL[3]" clkmux_buf_name="" />
            <efxpt:output_config name="system_gpio_0_io_write[3]" name_ddio_lo="" register_option="none" clock_name="" is_clock_inverted="false" is_slew_rate="false" tied_option="none" ddio_type="none" delay="0" is_serial="false" drive_strength="4" fastclk_name="" />
            <efxpt:output_enable_config name="system_gpio_0_io_writeEnable[3]" is_register="false" clock_name="" is_clock_inverted="false" name_oen="system_gpio_0_io_OEN[3]" />
        </efxpt:comp_gpio>
        <efxpt:comp_gpio name="system_spi_0_io_data_0" gpio_def="GPIOB_P_09" mode="inout" bus_name="" io_standard="1.8 V LVCMOS">
            <efxpt:input_config name="system_spi_0_io_data_0_read" name_ddio_lo="" conn_type="normal" is_register="true" clock_name="io_systemClk" is_clock_inverted="false" pull_option="none" is_schmitt_trigger="false" ddio_type="none" is_bus_hold="false" delay="0" is_serial="false" is_dyn_delay="false" fastclk_name="" pullup_ena_name="system_spi_0_io_data_0_PULL_UP_ENA" dyn_delay_en_name="system_spi_0_io_data_0_DLY_ENA" dyn_delay_reset_name="system_spi_0_io_data_0_DLY_RST" dyn_delay_ctrl_name="system_spi_0_io_data_0_DLY_CTRL" clkmux_buf_name="" />
            <efxpt:output_config name="system_spi_0_io_data_0_write" name_ddio_lo="" register_option="register" clock_name="io_systemClk" is_clock_inverted="false" is_slew_rate="false" tied_option="none" ddio_type="none" delay="0" is_serial="false" drive_strength="4" fastclk_name="" />
            <efxpt:output_enable_config name="system_spi_0_io_data_0_writeEnable" is_register="true" clock_name="io_systemClk" is_clock_inverted="false" name_oen="system_spi_0_io_data_0_OEN" />
        </efxpt:comp_gpio>
        <efxpt:comp_gpio name="system_spi_0_io_data_1" gpio_def="GPIOB_N_09" mode="inout" bus_name="" io_standard="1.8 V LVCMOS">
            <efxpt:input_config name="system_spi_0_io_data_1_read" name_ddio_lo="" conn_type="normal" is_register="true" clock_name="io_systemClk" is_clock_inverted="false" pull_option="none" is_schmitt_trigger="false" ddio_type="none" is_bus_hold="false" delay="0" is_serial="false" is_dyn_delay="false" fastclk_name="" pullup_ena_name="system_spi_0_io_data_1_PULL_UP_ENA" dyn_delay_en_name="system_spi_0_io_data_1_DLY_ENA" dyn_delay_reset_name="system_spi_0_io_data_1_DLY_RST" dyn_delay_ctrl_name="system_spi_0_io_data_1_DLY_CTRL" clkmux_buf_name="" />
            <efxpt:output_config name="system_spi_0_io_data_1_write" name_ddio_lo="" register_option="register" clock_name="io_systemClk" is_clock_inverted="false" is_slew_rate="false" tied_option="none" ddio_type="none" delay="0" is_serial="false" drive_strength="4" fastclk_name="" />
            <efxpt:output_enable_config name="system_spi_0_io_data_1_writeEnable" is_register="true" clock_name="io_systemClk" is_clock_inverted="false" name_oen="system_spi_0_io_data_1_OEN" />
        </efxpt:comp_gpio>
        <efxpt:comp_gpio name="system_spi_0_io_sclk_write" gpio_def="GPIOB_N_01" mode="output" bus_name="" io_standard="1.8 V LVCMOS">
            <efxpt:output_config name="system_spi_0_io_sclk_write" name_ddio_lo="" register_option="register" clock_name="io_systemClk" is_clock_inverted="false" is_slew_rate="false" tied_option="none" ddio_type="none" delay="0" is_serial="false" drive_strength="4" fastclk_name="" />
        </efxpt:comp_gpio>
        <efxpt:comp_gpio name="system_spi_0_io_ss" gpio_def="GPIOB_P_08" mode="output" bus_name="" io_standard="1.8 V LVCMOS">
            <efxpt:output_config name="system_spi_0_io_ss" name_ddio_lo="" register_option="register" clock_name="io_systemClk" is_clock_inverted="false" is_slew_rate="false" tied_option="none" ddio_type="none" delay="0" is_serial="false" drive_strength="4" fastclk_name="" />
        </efxpt:comp_gpio>
        <efxpt:comp_gpio name="system_i2c_0_io_scl" gpio_def="GPIOL_04" mode="inout" bus_name="" io_standard="3.3 V LVTTL">
            <efxpt:input_config name="system_i2c_0_io_scl_read" name_ddio_lo="" conn_type="normal" is_register="false" clock_name="" is_clock_inverted="false" pull_option="none" is_schmitt_trigger="false" ddio_type="none" is_bus_hold="false" delay="0" is_serial="false" is_dyn_delay="false" fastclk_name="" pullup_ena_name="system_i2c_0_io_scl_PULL_UP_ENA" dyn_delay_en_name="system_i2c_0_io_scl_DLY_ENA" dyn_delay_reset_name="system_i2c_0_io_scl_DLY_RST" dyn_delay_ctrl_name="system_i2c_0_io_scl_DLY_CTRL" clkmux_buf_name="" />
            <efxpt:output_config name="system_i2c_0_io_scl_write" name_ddio_lo="" register_option="none" clock_name="" is_clock_inverted="false" is_slew_rate="false" tied_option="none" ddio_type="none" delay="0" is_serial="false" drive_strength="4" fastclk_name="" />
            <efxpt:output_enable_config name="system_i2c_0_io_scl_writeEnable" is_register="false" clock_name="" is_clock_inverted="false" name_oen="system_i2c_0_io_scl_OEN" />
        </efxpt:comp_gpio>
        <efxpt:comp_gpio name="system_i2c_0_io_sda" gpio_def="GPIOL_05" mode="inout" bus_name="" io_standard="3.3 V LVTTL">
            <efxpt:input_config name="system_i2c_0_io_sda_read" name_ddio_lo="" conn_type="normal" is_register="false" clock_name="" is_clock_inverted="false" pull_option="none" is_schmitt_trigger="false" ddio_type="none" is_bus_hold="false" delay="0" is_serial="false" is_dyn_delay="false" fastclk_name="" pullup_ena_name="system_i2c_0_io_sda_PULL_UP_ENA" dyn_delay_en_name="system_i2c_0_io_sda_DLY_ENA" dyn_delay_reset_name="system_i2c_0_io_sda_DLY_RST" dyn_delay_ctrl_name="system_i2c_0_io_sda_DLY_CTRL" clkmux_buf_name="" />
            <efxpt:output_config name="system_i2c_0_io_sda_write" name_ddio_lo="" register_option="none" clock_name="" is_clock_inverted="false" is_slew_rate="false" tied_option="none" ddio_type="none" delay="0" is_serial="false" drive_strength="4" fastclk_name="" />
            <efxpt:output_enable_config name="system_i2c_0_io_sda_writeEnable" is_register="false" clock_name="" is_clock_inverted="false" name_oen="system_i2c_0_io_sda_OEN" />
        </efxpt:comp_gpio>
        <efxpt:comp_gpio name="system_uart_0_io_rxd" gpio_def="GPIOR_68" mode="input" bus_name="" io_standard="3.3 V LVTTL">
            <efxpt:input_config name="system_uart_0_io_rxd" name_ddio_lo="" conn_type="normal" is_register="false" clock_name="" is_clock_inverted="false" pull_option="none" is_schmitt_trigger="false" ddio_type="none" is_bus_hold="false" delay="0" is_serial="false" is_dyn_delay="false" fastclk_name="" pullup_ena_name="system_uart_0_io_rxd_PULL_UP_ENA" dyn_delay_en_name="system_uart_0_io_rxd_DLY_ENA" dyn_delay_reset_name="system_uart_0_io_rxd_DLY_RST" dyn_delay_ctrl_name="system_uart_0_io_rxd_DLY_CTRL" clkmux_buf_name="" />
        </efxpt:comp_gpio>
        <efxpt:comp_gpio name="system_uart_0_io_txd" gpio_def="GPIOR_67" mode="output" bus_name="" io_standard="3.3 V LVTTL">
            <efxpt:output_config name="system_uart_0_io_txd" name_ddio_lo="" register_option="none" clock_name="" is_clock_inverted="false" is_slew_rate="false" tied_option="none" ddio_type="none" delay="0" is_serial="false" drive_strength="4" fastclk_name="" />
        </efxpt:comp_gpio>
        <efxpt:global_unused_config state="input with weak pullup" />
        <efxpt:bus name="system_gpio_0_io" mode="inout" msb="3" lsb="0" />
    </efxpt:gpio_info>
    <efxpt:pll_info>
        <efxpt:pll name="main_pll" pll_def="PLL_BL1" ref_clock_name="" ref_clock_freq="50.0000" multiplier="1" pre_divider="1" post_divider="1" reset_name="systemClk_rstn" locked_name="systemClk_locked" is_ipfrz="false" is_bypass_lock="true">
            <efxpt:adv_prop ref_clock_mode="external" ref_clock1_name="" ext_ref_clock_id="2" clksel_name="" feedback_clock_name="pll_fb_CLKOUT0" feedback_mode="local" />
            <efxpt:gen_pin>
                <efxpt:pin name="" type_name="DESKEWED" is_bus="false" />
                <efxpt:pin name="" type_name="SHIFT_ENA" is_bus="false" />
                <efxpt:pin name="" type_name="SHIFT" is_bus="true" />
                <efxpt:pin name="" type_name="SHIFT_SEL" is_bus="true" />
            </efxpt:gen_pin>
            <efxpt:comp_output_clock name="pll_fb_CLKOUT0" number="0" out_divider="44" is_dyn_phase="false" phase_setting="0" is_inverted="false" conn_type="gclk" clkmux_buf_name="">
                <efxpt:gen_pin>
                    <efxpt:pin name="" type_name="CLKMUX_BUF" is_bus="false" />
                </efxpt:gen_pin>
            </efxpt:comp_output_clock>
            <efxpt:comp_output_clock name="io_systemClk" number="1" out_divider="88" is_dyn_phase="false" phase_setting="0" is_inverted="false" conn_type="gclk" clkmux_buf_name="">
                <efxpt:gen_pin>
                    <efxpt:pin name="" type_name="CLKMUX_BUF" is_bus="false" />
                </efxpt:gen_pin>
            </efxpt:comp_output_clock>
            <efxpt:comp_prop />
        </efxpt:pll>
        </efxpt:pll_info>
    <efxpt:osc_info />
    <efxpt:lvds_info />
    <efxpt:mipi_info />
    <efxpt:jtag_info>
        <efxpt:jtag name="jtag_inst1" jtag_def="JTAG_USER1">
            <efxpt:gen_pin>
                <efxpt:pin name="jtag_inst1_CAPTURE" type_name="CAPTURE" is_bus="false" />
                <efxpt:pin name="" type_name="DRCK" is_bus="false" />
                <efxpt:pin name="jtag_inst1_RESET" type_name="RESET" is_bus="false" />
                <efxpt:pin name="" type_name="RUNTEST" is_bus="false" />
                <efxpt:pin name="jtag_inst1_SEL" type_name="SEL" is_bus="false" />
                <efxpt:pin name="jtag_inst1_SHIFT" type_name="SHIFT" is_bus="false" />
                <efxpt:pin name="jtag_inst1_TCK" type_name="TCK" is_bus="false" />
                <efxpt:pin name="jtag_inst1_TDI" type_name="TDI" is_bus="false" />
                <efxpt:pin name="" type_name="TMS" is_bus="false" />
                <efxpt:pin name="jtag_inst1_UPDATE" type_name="UPDATE" is_bus="false" />
                <efxpt:pin name="jtag_inst1_TDO" type_name="TDO" is_bus="false" />
            </efxpt:gen_pin>
        </efxpt:jtag>
    </efxpt:jtag_info>
    <efxpt:mipi_dphy_info />
</efxpt:design_db>